file_path,owner_package_id,sha256,classification,installed_at
config/control_plane_chain.json,PKG-BASELINE-HO3-000,sha256:8c10c15935a50014c32c633e32a349b357b081c17f5a44535714989b93243993,config,2026-02-03T06:11:46.817227+00:00
config/governed_roots.json,PKG-BASELINE-HO3-000,sha256:fd0c6af549d139a6afab53e1a24e1f234ab907a3ffbdaf9138652b62e101b667,config,2026-02-03T06:11:46.817227+00:00
config/kernel_files.json,PKG-BASELINE-HO3-000,sha256:a77ee22812090de59efdce4c8b05f601d470c5efaa74b203ebec9bb96234b8f1,config,2026-02-03T06:11:46.817227+00:00
config/registry_policy.json,PKG-BASELINE-HO3-000,sha256:d34f53c5df80fd973e21f438249d6aa12ef2e48774f5981b106e88c8550519b2,config,2026-02-03T06:11:46.817227+00:00
config/router_policy.json,PKG-BASELINE-HO3-000,sha256:bec506e4f2aa453c40dff869b913a4f434ddbebdd049c301ffc17a0c2c0a6186,config,2026-02-03T06:11:46.817227+00:00
config/signing_keys.json,PKG-BASELINE-HO3-000,sha256:50a5fd69254794d39ab3cdd8278bb647659ddb08d3e818c56d73b8fb495dc57e,config,2026-02-03T06:11:46.817227+00:00
config/trusted_keys.json,PKG-BASELINE-HO3-000,sha256:b2748f8998dfa3f7e2cee4efb13aa72798d60428ea7adcc212b32eb6b7194a37,config,2026-02-03T06:11:46.817227+00:00
docs/ADMIN_AGENT_SCRIPT_REF.md,PKG-BASELINE-HO3-000,sha256:dc1febfbeb9bf4e0d3bd748122d87776d81bdf2f037da3e7f04375a06b4a0485,documentation,2026-02-03T06:11:46.817227+00:00
docs/AGENT_INDEX.md,PKG-BASELINE-HO3-000,sha256:fb462bcf4a7dd2cd41e00efc2d71cf1a64452957aca71eec922925b24d0578bf,documentation,2026-02-03T06:11:46.817227+00:00
docs/AGENT_OPERATIONS_GUIDE.md,PKG-BASELINE-HO3-000,sha256:3c402ff47312c0597a986135367a19bd8a89619940953e9149002ca96b9a439b,documentation,2026-02-03T06:11:46.817227+00:00
docs/AGENT_PACKAGE_GUIDE.md,PKG-BASELINE-HO3-000,sha256:1629b5d01ebe2523c9b12e5f15cee3e4ba9fcfc2c8ce7f0d474cdd08aa8f71cc,documentation,2026-02-03T06:11:46.817227+00:00
docs/CP-ARCH-001_control_plane_overview.md,PKG-BASELINE-HO3-000,sha256:92e42ca1536b4b7c076862bb9d1f25f7d5a53ae8a14403c6893341dc7a33ba7e,documentation,2026-02-03T06:11:46.817227+00:00
docs/CP-FIREWALL-001_builder_vs_built.md,PKG-BASELINE-HO3-000,sha256:52e10c2666fa5408da4de460891e906715a0c6812d8fc4ae7d1edc2719c098f5,documentation,2026-02-03T06:11:46.817227+00:00
docs/CP-IMPL-001_governance_implementation_plan.md,PKG-BASELINE-HO3-000,sha256:aa8c9cfcb8d178cc94c80fe5df49c93acd024385f69cef91c70da22ef12056d1,documentation,2026-02-03T06:11:46.817227+00:00
docs/CP-LEDGER-001_tiered_ledger_model.md,PKG-BASELINE-HO3-000,sha256:08cf7fa8a1d7add4ff2c89a87a44b9028026c17a3ee2f9de25d704fa31f85919,documentation,2026-02-03T06:11:46.817227+00:00
docs/CP-PKG-001_framework_and_package_spec.md,PKG-BASELINE-HO3-000,sha256:b15c54142f88bf9afcd51d61f08df6adf7f8f9745ebf1bad1c5c3136909a0911,documentation,2026-02-03T06:11:46.817227+00:00
docs/CP-SDLC-QUAL-001_feedback_governance.md,PKG-BASELINE-HO3-000,sha256:b61017b68aaaa0f7fedfde72193f0b6df2c25b01df92a8f21cf96538b9234bc3,documentation,2026-02-03T06:11:46.817227+00:00
docs/CROSSCUTTING.md,PKG-BASELINE-HO3-000,sha256:354d0341d6cc90fbeb2ad13b2299f586e89351c223abb9d5f9f24360b6be16bb,documentation,2026-02-03T06:11:46.817227+00:00
docs/Framework 100 Development SDLC.txt,PKG-BASELINE-HO3-000,sha256:f7867c43ea642ffe61a6e1d16e84a1b4f871eae7699f4a9c2009308249bbd7de,other,2026-02-03T06:11:46.817227+00:00
docs/PACKAGE_COMPLIANCE.md,PKG-BASELINE-HO3-000,sha256:905f8716d02988613d1461364c1b4fbdfb57d4c3b26d1ea8666058c1b11e446f,documentation,2026-02-03T06:11:46.817227+00:00
docs/PHASE-02_ACCEPTANCE.md,PKG-BASELINE-HO3-000,sha256:dca58b3be2ad5b8b4be8e319efa76011b8f8e721909934525f85bb7dbe3ed956,documentation,2026-02-03T06:11:46.817227+00:00
docs/PHASE-02_PLAYBOOK.md,PKG-BASELINE-HO3-000,sha256:495f4a253f529c516adfc42a747ca84d3e01f2e90c1c1cab34e944566577158a,documentation,2026-02-03T06:11:46.817227+00:00
docs/PHASE-02_SYSTEM.md,PKG-BASELINE-HO3-000,sha256:df9ad53466b65b7f51c625b9a404566377078a66820198f8002f2a08a04afbba,documentation,2026-02-03T06:11:46.817227+00:00
docs/PROMPT_ROUTER.md,PKG-BASELINE-HO3-000,sha256:9cc027ff735a7d5488a81f0178544735d81ce8520ef27d705afaae10494df8df,documentation,2026-02-03T06:11:46.817227+00:00
docs/System_Structure.txt,PKG-BASELINE-HO3-000,sha256:1cf8a88dea874a7bfd59ae5c5fa9c9847c9500e68f746a1593332a8019634704,other,2026-02-03T06:11:46.817227+00:00
docs/System_Structure.txt.bak,PKG-BASELINE-HO3-000,sha256:4eb0672b33e210b2672c246604ada3f042ecc7869d82194d0c020317eb9ba445,other,2026-02-03T06:11:46.817227+00:00
docs/TODO_ADMIN_SEPARATION.md,PKG-BASELINE-HO3-000,sha256:de5ddbcdfb9c5268b0e49c0b4947be7c9cf648f0c8c8cc7f51e6bb99dd5666f8,documentation,2026-02-03T06:11:46.817227+00:00
docs/developer_guide.md,PKG-BASELINE-HO3-000,sha256:f8fa3b461ea61f68c5524c59bf15ee524504bfd810f80747cd299a976b086e7f,documentation,2026-02-03T06:11:46.817227+00:00
docs/notes/AGENT_ARCHITECTURE_SESSION_20260204.md,PKG-BASELINE-HO3-000,sha256:53ca7c4abfe9aba8f1c1f206c75b219e5010f721f66e27e86a1fe93c0a09ff3e,documentation,2026-02-03T06:11:46.817227+00:00
docs/notes/AGENT_CLASSES_REFERENCE.md,PKG-BASELINE-HO3-000,sha256:ad634bacd3797efd580c207538dda53f7feedcb3658fee4fbf864b388a746ddf,documentation,2026-02-03T06:11:46.817227+00:00
docs/notes/LLM_AGENT_PATTERNS.md,PKG-BASELINE-HO3-000,sha256:4e136785104233e12d66423b510ed1c3870f92b0c6c9838494b0ac19ddd5c298,documentation,2026-02-03T06:11:46.817227+00:00
docs/notes/MEMORY_MODEL_HO_TIERS.md,PKG-BASELINE-HO3-000,sha256:6c6250e71e5ada68138048d8fb8a5f2d2b1e51cf11fbd3700fb9e93bf4f237c1,documentation,2026-02-03T06:11:46.817227+00:00
docs/notes_Framework.txt,PKG-BASELINE-HO3-000,sha256:3747a0b5ff0606fe18384fa193f9b7ce15e06dcbae39305250e8e7c84c94a97e,other,2026-02-03T06:11:46.817227+00:00
docs/operator_playbook.md,PKG-BASELINE-HO3-000,sha256:1aa9ff2ac2800a47876e3daeb6cbbbce8268dad116f807c6d014bb54fcb5ea37,documentation,2026-02-03T06:11:46.817227+00:00
frameworks/FMWK-000_governance_framework.md,PKG-BASELINE-HO3-000,sha256:89ae8f7f270144a109414fea0bc04f884e0b89f081e155ec79b2cf967e62e35c,law_doc,2026-02-03T06:11:46.817227+00:00
frameworks/FMWK-100_agent_development_standard.md,PKG-BASELINE-HO3-000,sha256:43debf80f8b629c7a35a3bbd20d6b9d8b84640e8ae9d755ed3d6676a7ca6d443,law_doc,2026-02-03T06:11:46.817227+00:00
frameworks/FMWK-101_altitude_depth_standard.md,PKG-BASELINE-HO3-000,sha256:3fa8ac765ebf5ab3799c14a1413c2a43071a9911325ab4e78f3fcc345d471c35,law_doc,2026-02-03T06:11:46.817227+00:00
frameworks/FMWK-102_altitude_convention.md,PKG-BASELINE-HO3-000,sha256:317dc34313c7a1f3fd2ea91e44b17ceff2ffabc4571eb377ed892876ac51da5d,law_doc,2026-02-03T06:11:46.817227+00:00
frameworks/FMWK-107_package_management_standard.md,PKG-BASELINE-HO3-000,sha256:0e1f46e060474e4803eac7c2e918930e7468fb71f548cf362175114c8cc8b0f5,law_doc,2026-02-03T06:11:46.817227+00:00
frameworks/FMWK-200_ledger_protocol.md,PKG-BASELINE-HO3-000,sha256:8d8fbb43b0eba9e4e3037a03f9c5ec94592169278bb4068c036e1d6c81583c47,law_doc,2026-02-03T06:11:46.817227+00:00
frameworks/FMWK-ATT-001_provenance_attestation_standard.md,PKG-BASELINE-HO3-000,sha256:c662c87e74d97065c9deb7ac87588ae7f54a71a552a63dc813ce6210b8093502,law_doc,2026-02-03T06:11:46.817227+00:00
frameworks/FMWK-CHAT-001_chat_interface_governance.md,PKG-BASELINE-HO3-000,sha256:b14e8e71b9905528382bd46c8992506e68add2eaec6c911082564ffc9826c422,law_doc,2026-02-03T06:11:46.817227+00:00
frameworks/FMWK-PKG-001_package_standard.md,PKG-BASELINE-HO3-000,sha256:e3b806831857449edeeb3350f2fa1fd4eee54cf42bf4e2aa9289b7feba45b5d5,law_doc,2026-02-03T06:11:46.817227+00:00
frameworks/FMWK-PROMPT-001_prompt_governance.md,PKG-BASELINE-HO3-000,sha256:204f2fb072467415ec07b346d85f8156dd403ae7e2da700602cba32aba12f9d7,law_doc,2026-02-03T06:11:46.817227+00:00
frameworks/FMWK-SHELL-001_shell_standard.md,PKG-BASELINE-HO3-000,sha256:5e2e0a8b2c21c768ea5fac1f83f2c3643befbe082b069325e1174757a13f9a6e,law_doc,2026-02-03T06:11:46.817227+00:00
governed_prompts/PRM-ADMIN-EXPLAIN-001.md,PKG-BASELINE-HO3-000,sha256:9d40c7f9124a0fa147008e65736000d05b209e15a9fbe538777b49b9e4e2fc97,other,2026-02-03T06:11:46.817227+00:00
governed_prompts/PRM-ADMIN-GENERAL-001.md,PKG-BASELINE-HO3-000,sha256:5786163a5177f828a3519d2c44c3c64d0b50d2f9eb49d9d29a8beedc117872f8,other,2026-02-03T06:11:46.817227+00:00
governed_prompts/PRM-ADMIN-VALIDATE-001.md,PKG-BASELINE-HO3-000,sha256:77703b63385c7995e302d73aee0487fa0f6d0d836784ad32f1f462ad9e80aa38,other,2026-02-03T06:11:46.817227+00:00
governed_prompts/PRM-CLASSIFY-001.md,PKG-BASELINE-HO3-000,sha256:fe4b3319db85039a86389d089732f1752c7874dd8272cdb6273bff22bccb172b,other,2026-02-03T06:11:46.817227+00:00
governed_prompts/PRM-FMWK-CAPABILITIES-001.md,PKG-ROUTER-CAPS-001,sha256:d801dd573a31859217ef007d1a8e731b23896a6fe26d13d95f49c0ea17c5f408,other,2026-02-07T06:17:02.777618+00:00
governed_prompts/PRM-ROUTER-001.md,PKG-ROUTER-CAPS-001,sha256:61d4001a92681ae783fb7e5edf3e3870ca71a2512d119de8301a2f9ea99933f2,other,2026-02-07T06:17:02.777618+00:00
lib/agent_helpers.py,PKG-BASELINE-HO3-000,sha256:21079da55c043a5eeb93e42976ad150d3c456e9ca48caabb5e16d8617c27ffb9,library,2026-02-03T06:11:46.817227+00:00
lib/atomic.py,PKG-BASELINE-HO3-000,sha256:7b947dba595665f2a9d3e72e3fac2e708f2280a244cfd0a6af032b71e4c421ff,library,2026-02-03T06:11:46.817227+00:00
lib/auth.py,PKG-BASELINE-HO3-000,sha256:2782efdac5de93f5be462fd3a65be231a6d764e45ec1848eb621120bdc9bdf77,library,2026-02-03T06:11:46.817227+00:00
lib/authz.py,PKG-BASELINE-HO3-000,sha256:85f3691f60f728eac1eb5b2687c85ba4a6970b2de7d0acd1aeea6a8f58f919cd,library,2026-02-03T06:11:46.817227+00:00
lib/cursor.py,PKG-BASELINE-HO3-000,sha256:cac3aea353f7d4ad6cf87610115d501c98c01e95eeba9d2ea59d78ae679141d0,library,2026-02-03T06:11:46.817227+00:00
lib/gate_operations.py,PKG-BASELINE-HO3-000,sha256:fe8774ec68c13154ed1bdd77d719f6e30a618a8aae3be2196497706e83705e5c,library,2026-02-03T06:11:46.817227+00:00
lib/hashing.py,PKG-BASELINE-HO3-000,sha256:dacd9ec9c82e89dcff5542768fad16c4e15d5142461730245dcf851f54e1f443,library,2026-02-03T06:11:46.817227+00:00
lib/id_allocator.py,PKG-BASELINE-HO3-000,sha256:8b126651bde0ef01817fb8c38bae274574dcde16ea60f02be6b79863eaf374de,library,2026-02-03T06:11:46.817227+00:00
lib/install_auth.py,PKG-BASELINE-HO3-000,sha256:b5a2b6cbb8a869285766ba7479ca67c68e713bcce8399cfd53997684c87d6955,library,2026-02-03T06:11:46.817227+00:00
lib/integrity.py,PKG-BASELINE-HO3-000,sha256:6fec3da36761c2a9d51b9562d9088c59dcce304eadad648fc0f5869be385a616,library,2026-02-03T06:11:46.817227+00:00
lib/ledger_client.py,PKG-BASELINE-HO3-000,sha256:900f8f6e84061ee82844eb0a6e9000340cceba2cc5c63a11a1944c4d2df0ca91,library,2026-02-03T06:11:46.817227+00:00
lib/ledger_factory.py,PKG-BASELINE-HO3-000,sha256:4c2e657afee1995a177153326d2cb090d6649da008c8e1932207b9dbf5c6010d,library,2026-02-03T06:11:46.817227+00:00
lib/merkle.py,PKG-BASELINE-HO3-000,sha256:5a3c471e2cd3049b1a1cf48509af1cd2c0767bd9c4bd884a6cf37096eaa6f432,library,2026-02-03T06:11:46.817227+00:00
lib/output.py,PKG-BASELINE-HO3-000,sha256:8ab6916f7bc06be2fa75328860947e56df71f846eb7bf87cee7f187bf08e6d63,library,2026-02-03T06:11:46.817227+00:00
lib/package_audit.py,PKG-BASELINE-HO3-000,sha256:35515331e9ef09e053170e548d0b12450813413a6980f0e03e06d3b015fa39c6,library,2026-02-03T06:11:46.817227+00:00
lib/packages.py,PKG-BASELINE-HO3-000,sha256:3ff8741ab181f5c1e8c260d33a93ea2e0bad9d02b25028d8972be5cb77197dd0,library,2026-02-03T06:11:46.817227+00:00
lib/paths.py,PKG-BASELINE-HO3-000,sha256:3dc36d8cc1e3444e5be529033fd2b918c28ce26fcdac0c2fe6cd75d8f79156ed,library,2026-02-03T06:11:46.817227+00:00
lib/plane.py,PKG-BASELINE-HO3-000,sha256:4714b558ebdaba37d1ed4c58b45058e6a92eacaab2b2f1dc7b83d204590858ce,library,2026-02-03T06:11:46.817227+00:00
lib/preflight.py,PKG-BASELINE-HO3-000,sha256:07c5237a437599e0a6139f392fae7342093af78e801142777477f54766c44567,library,2026-02-03T06:11:46.817227+00:00
lib/pristine.py,PKG-BASELINE-HO3-000,sha256:98ce81a6c2df5e9f838d76a662a8c376545334b774d00e35e324b323508bdde4,library,2026-02-03T06:11:46.817227+00:00
lib/prompt_loader.py,PKG-BASELINE-HO3-000,sha256:3fb9cdbdcd1d4fd48ec61cba120993e7fe998a3fdc544970b05f2c136905eae5,library,2026-02-03T06:11:46.817227+00:00
lib/provenance.py,PKG-BASELINE-HO3-000,sha256:db7649941a123ee06747ff50684e5f0c5f269752567ddfcd9d559be3be0bae98,library,2026-02-03T06:11:46.817227+00:00
lib/registry.py,PKG-BASELINE-HO3-000,sha256:9a057c95a48b40c5a1aff878d302b0937b9a6dc1c529ea2ca0dc34d737982e64,library,2026-02-03T06:11:46.817227+00:00
lib/resolve.py,PKG-BASELINE-HO3-000,sha256:3ae724262c9e4a5c87d2c721b7839d3f0b114ad53cb5ba1c390f59469e018364,library,2026-02-03T06:11:46.817227+00:00
lib/schema_validator.py,PKG-BASELINE-HO3-000,sha256:5d75bb0b0f5d58a912a266f62c0a74e07d0cbe0c0ba37e2fcf90df155e3a6d00,library,2026-02-03T06:11:46.817227+00:00
lib/signing.py,PKG-BASELINE-HO3-000,sha256:d248bb777f231434413bfd53b89c22584182567185c864c33e31d300a96316b7,library,2026-02-03T06:11:46.817227+00:00
lib/tier_manifest.py,PKG-BASELINE-HO3-000,sha256:ab939caf2de18839ec2d8ba2334e8d34892bffb65773636fbad3d16abf8e3941,library,2026-02-03T06:11:46.817227+00:00
lib/workspace.py,PKG-BASELINE-HO3-000,sha256:2d8b8594dab1349a94831990a4ea08e746e58473a8177b9bfe3f287f3918b1a5,library,2026-02-03T06:11:46.817227+00:00
modules/admin_agent/README.md,PKG-BASELINE-HO3-000,sha256:d468d97e6a3e33a31aa685b737da82332a9f56246a6ffd14f407ea4969237e74,module,2026-02-03T06:11:46.817227+00:00
modules/admin_agent/agent.py,PKG-CONFIRM-REMOVE-001,sha256:a2b0336cd2990b7b23c5a686ce348d1818c307c3d79a366a435615c9b6007142,other,2026-02-07T05:48:46.034263+00:00
modules/admin_agent/capabilities.json,PKG-BASELINE-HO3-000,sha256:26db6eda844d950b4384411556952c0d9ee7dfa729901f0c23a61d8500ff8819,module,2026-02-03T06:11:46.817227+00:00
modules/admin_agent/handlers/llm_assisted.py,PKG-GENERAL-HANDLER-001,sha256:f18a4bdfdfbeab4b51347c68355cd6035787eda692d821ba7375a665fc70ec5e,other,2026-02-07T02:43:43.736576+00:00
modules/admin_agent/handlers/tools_first.py,PKG-CONFIRM-REMOVE-001,sha256:b079171d1e6a55507861d4a2f8f1f7bfc45e6aac21966ad84e0d99004348a130,other,2026-02-07T05:48:46.034263+00:00
modules/admin_agent/tools.py,PKG-BASELINE-HO3-000,sha256:bdc6a0ed233a1b6522cf065535f8771a3041a1f72541331d6890617807753c2e,module,2026-02-03T06:11:46.817227+00:00
modules/agent_runtime/README.md,PKG-BASELINE-HO3-000,sha256:5a2a6d6b86ebd065fb6fa3c44b3678f1f59aa3703822142f93d32eca2aa0ca65,module,2026-02-03T06:11:46.817227+00:00
modules/agent_runtime/capability.py,PKG-BASELINE-HO3-000,sha256:9b6b122394b14e8c38312932c69c0418ffb13a3df021071e3899cbb0b034f3d9,module,2026-02-03T06:11:46.817227+00:00
modules/agent_runtime/exceptions.py,PKG-BASELINE-HO3-000,sha256:1f88f52b0899032ee8ee5e1c5a3fda8cf81830f2f78e17b189359108ec814d6e,module,2026-02-03T06:11:46.817227+00:00
modules/agent_runtime/ledger_writer.py,PKG-BASELINE-HO3-000,sha256:e2dc2a73527cb157d58ba6118e032cfcb1b60c4ecc96206722fe125c107227c2,module,2026-02-03T06:11:46.817227+00:00
modules/agent_runtime/memory.py,PKG-BASELINE-HO3-000,sha256:ac18e02a758006f597484425d139ee2866b1aa6d542c3874ec9e305da99288ba,module,2026-02-03T06:11:46.817227+00:00
modules/agent_runtime/prompt_builder.py,PKG-BASELINE-HO3-000,sha256:0cd00d44f9c9d3aad70e16c50d4876a7f9e78d1cdccf40262b742639e7c81df8,module,2026-02-03T06:11:46.817227+00:00
modules/agent_runtime/runner.py,PKG-BASELINE-HO3-000,sha256:2dd9f6ae5b6a077918d0df868c228c2150814a49e91c8f1e5b54bfcdc010d2c2,module,2026-02-03T06:11:46.817227+00:00
modules/agent_runtime/sandbox.py,PKG-BASELINE-HO3-000,sha256:ef6f10fbc2a37003f92a4b78121b4ef6426ae6a2f38331e21070dd6a965e5252,module,2026-02-03T06:11:46.817227+00:00
modules/agent_runtime/session.py,PKG-BASELINE-HO3-000,sha256:ae391f5d0e07c64c39f2ad9871dc9eadd78e994659624e2d433b63ee1a0429cd,module,2026-02-03T06:11:46.817227+00:00
modules/chat_interface/__init__.py,PKG-ROUTER-CAPS-001,sha256:ff728ed968b4a283aaa4577ddb4bbecd4cc7324e6480f186279863f251c4e5c1,other,2026-02-07T06:17:02.777618+00:00
modules/chat_interface/__main__.py,PKG-BASELINE-HO3-000,sha256:e4950f2e1320364d67c5a4d98242c1e9c71f682b3b52ec21166215d87cbe0fc9,module,2026-02-03T06:11:46.817227+00:00
modules/chat_interface/classifier.py,PKG-ROUTER-CAPS-001,sha256:029bb360317727c189d299389c95b9d35ce7e84a9c9ba309cff4dc55f3bec217,other,2026-02-07T06:17:02.777618+00:00
modules/chat_interface/handlers/browse.py,PKG-BASELINE-HO3-000,sha256:744762022b57f69a62e783b2477563ca0ce54626b04560884d0e5283afca58b0,module,2026-02-03T06:11:46.817227+00:00
modules/chat_interface/handlers/help.py,PKG-BASELINE-HO3-000,sha256:36dbde435fc7e65021d9abc58dc58ae7a2fff606cb6332bffe2e247833638f24,module,2026-02-03T06:11:46.817227+00:00
modules/chat_interface/handlers/ledger.py,PKG-BASELINE-HO3-000,sha256:3099f625f59e8d04a49039f08cdb80ddd3f1a7f33879fce17b7e4c66999a70f4,module,2026-02-03T06:11:46.817227+00:00
modules/chat_interface/handlers/packages.py,PKG-BASELINE-HO3-000,sha256:728b9e7cd3f0bcb995994d06ba85c490eb04453cbf9842b1124f8bb1aecd76e6,module,2026-02-03T06:11:46.817227+00:00
modules/chat_interface/handlers/search.py,PKG-BASELINE-HO3-000,sha256:91871f2d9d944fd9bf6fdfbe5051442219693ed16399a666ae59107f4947820a,module,2026-02-03T06:11:46.817227+00:00
modules/chat_interface/registry.py,PKG-BASELINE-HO3-000,sha256:a203f3be43548fde885a0716bb785451cd652723a6b42b32e336b1f6785e38e5,module,2026-02-03T06:11:46.817227+00:00
modules/chat_interface/session.py,PKG-BASELINE-HO3-000,sha256:3ec96228902d1af57ee5207acebdcfbb639754b6a3cfee97ed0f43c4b09a571a,module,2026-02-03T06:11:46.817227+00:00
modules/hello_module/hello.py,PKG-BASELINE-HO3-000,sha256:5face1f2455f2b521cac0c7ae17f0175f3e00a07d0ac92da1cb90676492fc2c1,module,2026-02-03T06:11:46.817227+00:00
modules/router/__init__.py,PKG-ROUTER-CAPS-001,sha256:d661176f413fd9fa09f760059ff902f27c0c77dcd5bf26a0b51104f1e58bdf3a,other,2026-02-07T06:17:02.777618+00:00
modules/router/__main__.py,PKG-ROUTER-PURE-001,sha256:4169f09eebeafe9ac1f035d6010e74cb7214eb2b4742fc159044ef1b6b92720a,other,2026-02-07T02:17:01.778715+00:00
modules/router/capabilities.py,PKG-ROUTER-CAPS-001,sha256:f9971900f9062afe76f8570a282eca1ea22be1f35127bed37ec3150b50928696,other,2026-02-07T06:17:02.777618+00:00
modules/router/decision.py,PKG-ROUTER-CAPS-001,sha256:946956b5a6616ff24093acdc07601d5f6d90aaba5f0fad5800e092950bb5b1f2,other,2026-02-07T06:17:02.777618+00:00
modules/router/policy.py,PKG-BASELINE-HO3-000,sha256:38b964d8e53ed081900361675b0a2989782a6a56bcbb26c7c2083da443ab0e7f,module,2026-02-03T06:11:46.817227+00:00
modules/router/prompt_router.py,PKG-ROUTER-CAPS-001,sha256:fc0b35405a5bc53de84a0ece8bf64d2bbe9b5da6263d14b825b65742af2d8663,other,2026-02-07T06:17:02.777618+00:00
modules/shell/README.md,PKG-BASELINE-HO3-000,sha256:3370683ce528604a58cf2543ce8085dfa91a5750e4f12e0b90493273eb073a0c,module,2026-02-03T06:11:46.817227+00:00
modules/shell/__main__.py,PKG-BASELINE-HO3-000,sha256:1cc3722cc7758e22ceafbd4dc7a1aad34316eb7d8f574e4dba16c0d14f96da16,module,2026-02-03T06:11:46.817227+00:00
modules/shell/capabilities.json,PKG-BASELINE-HO3-000,sha256:144ad89343f424a7c8b965e03841bdb369f45232b4acfa6d5615303d75cbca6c,module,2026-02-03T06:11:46.817227+00:00
modules/shell/chat_ui.py,PKG-BASELINE-HO3-000,sha256:53c753f8cdb14a8038249f5fd0dcc2e0f59c3dde502fc2fe7e095a17d0373ceb,module,2026-02-03T06:11:46.817227+00:00
modules/shell/commands/core.py,PKG-BASELINE-HO3-000,sha256:41ff23864f5b8f6a2880c0ab7eb82181b1972c8853a98a1aa5fd3322165e5469,module,2026-02-03T06:11:46.817227+00:00
modules/shell/commands/governance.py,PKG-BASELINE-HO3-000,sha256:40566cd4f1a85a2199fb22dadf0235bc805a766be6c99dfd4b3394b3a58cefc7,module,2026-02-03T06:11:46.817227+00:00
modules/shell/commands/memory.py,PKG-BASELINE-HO3-000,sha256:828b215664433181047f1a784f256afcac3fda809727f3560e647c51a5fd1c39,module,2026-02-03T06:11:46.817227+00:00
modules/shell/commands/notes.py,PKG-BASELINE-HO3-000,sha256:7e13f04590b90a93e078b805192bbedcfb2e57a7617f299c2dc91a202fd34cb7,module,2026-02-03T06:11:46.817227+00:00
modules/shell/commands/signals.py,PKG-BASELINE-HO3-000,sha256:02ae13d40b2fd9594bbbff827eb685a38c4b3e16f5b4027a3be833cfbeb19a15,module,2026-02-03T06:11:46.817227+00:00
modules/shell/interfaces.py,PKG-BASELINE-HO3-000,sha256:b5baedaaecf36735128d1a6738d5d371530074a6c86454764486199b3229ab4c,module,2026-02-03T06:11:46.817227+00:00
modules/shell/operations.py,PKG-BASELINE-HO3-000,sha256:1d32c1527d5cc802443aa374b83531b338db41b45ccb6968856ce63dd10b0382,module,2026-02-03T06:11:46.817227+00:00
modules/shell/shell.py,PKG-BASELINE-HO3-000,sha256:7d9ea19c29c314af7a1bbbed8baa9aec3d2d64d2bf6779545c321528fddaa6a2,module,2026-02-03T06:11:46.817227+00:00
modules/stdlib_auth/__main__.py,PKG-BASELINE-HO3-000,sha256:a53ae641481d009fc92f264975124626701158b20cc20b45544c66761aeed9ec,module,2026-02-03T06:11:46.817227+00:00
modules/stdlib_auth/fingerprint.py,PKG-BASELINE-HO3-000,sha256:3e772acd2fb0303e96d2eff9005ac608f61cd9d5a5150bb5ad2601af4c1d938f,module,2026-02-03T06:11:46.817227+00:00
modules/stdlib_auth/validator.py,PKG-BASELINE-HO3-000,sha256:b3e2c5191bea683eeca09d5469169ad9f18ddf7d28bf3bf7e2fa9efb2d9f5109,module,2026-02-03T06:11:46.817227+00:00
modules/stdlib_evidence/README.md,PKG-BASELINE-HO3-000,sha256:4db729306142c7f026d5c8b49a4b672af5715538c7047c01a3378f78cb84434f,module,2026-02-03T06:11:46.817227+00:00
modules/stdlib_evidence/__main__.py,PKG-BASELINE-HO3-000,sha256:6e74399f4f327a9a300500c8de4bbf154e414e96965e51cf867f0ebc326d2063,module,2026-02-03T06:11:46.817227+00:00
modules/stdlib_evidence/envelope.py,PKG-BASELINE-HO3-000,sha256:dae94aa8e3c65ac4eb28fe631dc4b7f6f07746365264d77c7454492f39f9fc14,module,2026-02-03T06:11:46.817227+00:00
modules/stdlib_evidence/hasher.py,PKG-BASELINE-HO3-000,sha256:b07aa7c9f0688ed4d1a383deabb73b80ed2543065702d1acd1cf0ab125e72243,module,2026-02-03T06:11:46.817227+00:00
modules/stdlib_evidence/reference.py,PKG-BASELINE-HO3-000,sha256:8804e65b5721781ee5a004f1398dbbae512ca5dd1bace99cecef3f3e8423cccb,module,2026-02-03T06:11:46.817227+00:00
modules/stdlib_llm/__main__.py,PKG-BASELINE-HO3-000,sha256:f73f76749709827ce8174f938866666f77032205942a80d6eaca9e63c8045ed3,module,2026-02-03T06:11:46.817227+00:00
modules/stdlib_llm/client.py,PKG-BASELINE-HO3-000,sha256:eacb8cd3d48c42712228690e6a9c6ec0999c0e44f3c074c819803ceca8ba2d3a,module,2026-02-03T06:11:46.817227+00:00
modules/stdlib_llm/config.py,PKG-BASELINE-HO3-000,sha256:2525bb6eb3e6159d6235eace2281d4b64f28990393056a57f4a27939ad9d9559,module,2026-02-03T06:11:46.817227+00:00
modules/stdlib_llm/evidence.py,PKG-BASELINE-HO3-000,sha256:464cb860fffa4d16c0f62782085fad0c97d6f3738b647d4bbbcbaa6235777108,module,2026-02-03T06:11:46.817227+00:00
modules/stdlib_llm/provider.py,PKG-BASELINE-HO3-000,sha256:66dd81aa04ec8d73998f26fe0bc2619003cd253ee5a6050cd3c0d6361b69a9ad,module,2026-02-03T06:11:46.817227+00:00
modules/stdlib_llm/providers/anthropic.py,PKG-RATE-MGMT-001,sha256:453e6db4014299964651764a7332a2e78f64ebd0d0839ea34bba1cc954144b4f,module,2026-02-06T23:40:30.132796+00:00
modules/stdlib_llm/providers/mock.py,PKG-BASELINE-HO3-000,sha256:2d5abe4a709360bab3b16d646b0625c8eb7955dc81658cf925eeb12dfc915610,module,2026-02-03T06:11:46.817227+00:00
registries/control_plane_registry.csv,PKG-BASELINE-HO3-000,sha256:af492f1ac9a9ba837b5cfc19d9e19f3194c761e83b29a13c48ba7e87253b607c,registry,2026-02-03T06:11:46.817227+00:00
registries/frameworks_registry.csv,PKG-BASELINE-HO3-000,sha256:8c1f0e531759a9859a1df052c0de2121134e856a25a5e1524a4962a2fa2f92d7,registry,2026-02-03T06:11:46.817227+00:00
registries/packages_registry.csv,PKG-BASELINE-HO3-000,sha256:ae46379b8b2d65770b4840640ff6dfa97936614b486f75cf784aa391f23e444c,registry,2026-02-03T06:11:46.817227+00:00
registries/prompts_registry.csv,PKG-BASELINE-HO3-000,sha256:c378638c3dfc1f1b51a1f4650194bb86a3ed32c6eef426addcc29d910b08a376,registry,2026-02-03T06:11:46.817227+00:00
registries/specs_registry.csv,PKG-BASELINE-HO3-000,sha256:cc9b42b8219f46a0ff069dd3327d7e6094ccce5ebc6449c592c3b07e5e98c37d,registry,2026-02-03T06:11:46.817227+00:00
schemas/attention_envelope.json,PKG-BASELINE-HO3-000,sha256:2bee888e7cf90ad964fef6c4bbc35338b446f97f3b1fe0ad645712d441bc72f1,schema,2026-02-03T06:11:46.817227+00:00
schemas/chat_request.json,PKG-BASELINE-HO3-000,sha256:49c4ca03b576ac09149c781de0cb5c9697e9f63d8db5dbb0f16d5a7052e4d004,schema,2026-02-03T06:11:46.817227+00:00
schemas/chat_response.json,PKG-BASELINE-HO3-000,sha256:516862103bfbe8053e0b48e9672b0ef5588667fdeca9335d08f2b006903ba9d0,schema,2026-02-03T06:11:46.817227+00:00
schemas/cp_status.json,PKG-BASELINE-HO3-000,sha256:8939b7f97b6393d59cc06bc5c65ef67f482d2a5fbaa15116041af962f49875ac,schema,2026-02-03T06:11:46.817227+00:00
schemas/framework.schema.json,PKG-BASELINE-HO3-000,sha256:875f404560f202204f39d41ed24b1ae46efb0221d1ce33f03337e3f0d6b41b3e,schema,2026-02-03T06:11:46.817227+00:00
schemas/package_manifest.json,PKG-BASELINE-HO3-000,sha256:36409bc20d58a7abae2823cfa23036dca0fcacffdd5eb5d63b131495300196db,schema,2026-02-03T06:11:46.817227+00:00
schemas/policy.json,PKG-BASELINE-HO3-000,sha256:67a6bee8dbdd86551ab83a365b295071ec6b0f3141c07a8eb2fad9395a15b286,schema,2026-02-03T06:11:46.817227+00:00
schemas/route_policy.json,PKG-BASELINE-HO3-000,sha256:e5c34bb59a1470ac42bd300efef2604a640e81af8c4c89d163f7f9bc07293f70,schema,2026-02-03T06:11:46.817227+00:00
schemas/router_request.json,PKG-BASELINE-HO3-000,sha256:e8770d07ec048978d352a7c2051c9a8021d9ab530793154dc06ec9e91e2bc4b9,schema,2026-02-03T06:11:46.817227+00:00
schemas/router_response.json,PKG-BASELINE-HO3-000,sha256:b5a3d7363c36f94bf748b9126be2d50dc3034976bf4758878e2fed7d441ae0cf,schema,2026-02-03T06:11:46.817227+00:00
schemas/spec.schema.json,PKG-BASELINE-HO3-000,sha256:870926666c847a214422ca1a4dcd85006a7a983c69a17c0e4167c09fb8d8f88c,schema,2026-02-03T06:11:46.817227+00:00
schemas/stdlib_auth_request.json,PKG-BASELINE-HO3-000,sha256:31f6d2e56e1606ed726add3fbda326d22b912dd3882819eaffe28b515eabf094,schema,2026-02-03T06:11:46.817227+00:00
schemas/stdlib_auth_response.json,PKG-BASELINE-HO3-000,sha256:c5fd06c9f69b1dc5b97ff370b8822678c197bfb103571461ad05971f6d4f8c71,schema,2026-02-03T06:11:46.817227+00:00
schemas/stdlib_evidence_request.json,PKG-BASELINE-HO3-000,sha256:a96987e0c273fea47a0710cf4be3fad830ca003c94e7ab75b6e10f2d88501d32,schema,2026-02-03T06:11:46.817227+00:00
schemas/stdlib_evidence_response.json,PKG-BASELINE-HO3-000,sha256:81c8f459657d7431a82d052cdd195d877e4e477dc719d87cb3e90391fa5c922a,schema,2026-02-03T06:11:46.817227+00:00
schemas/stdlib_llm_request.json,PKG-BASELINE-HO3-000,sha256:73f715a937895e2671ce687b667eeb0655e75e62e4411787fde0865f84769141,schema,2026-02-03T06:11:46.817227+00:00
schemas/stdlib_llm_response.json,PKG-BASELINE-HO3-000,sha256:2b6b14c76db601da13395f3f809e588122ac6d4fa97285354298af0ee8e10e02,schema,2026-02-03T06:11:46.817227+00:00
schemas/work_order.schema.json,PKG-BASELINE-HO3-000,sha256:6e180fb621e142cb6dd1773c8c16016df426b808d47324cbee78b7d2a24d4fbf,schema,2026-02-03T06:11:46.817227+00:00
scripts/agent_check.py,PKG-BASELINE-HO3-000,sha256:2d979a90a07a81d2b4e381b3b2192255c63dfe39303aa1d218f2668d9bd85e8a,script,2026-02-03T06:11:46.817227+00:00
scripts/apply_work_order.py,PKG-BASELINE-HO3-000,sha256:146ffb80ccae08df6f7e11b59766df69d0f96b5a57b9d4004c04aed5bf81bbbf,script,2026-02-03T06:11:46.817227+00:00
scripts/chat.py,PKG-BASELINE-HO3-000,sha256:1377edb7faaf650032ad6f4cca610351de0ce3c863985a4f9c2c5c5cf7963d4d,script,2026-02-03T06:11:46.817227+00:00
scripts/compute_wo_hash.py,PKG-BASELINE-HO3-000,sha256:9215d729fe2b722150dd863d701e213e1c605bd29a8261d352dc14be2a4c0c6f,script,2026-02-03T06:11:46.817227+00:00
scripts/cp_init_auth.py,PKG-BASELINE-HO3-000,sha256:8cf32f7003686832a13d63e1db48732f34bf47dbb9d183052821c127b721d2f6,script,2026-02-03T06:11:46.817227+00:00
scripts/cp_inspect.py,PKG-BASELINE-HO3-000,sha256:bbe2320cf201824d41c1e6986e27efb7ea92147668df47f7da8263ed43d38b07,script,2026-02-03T06:11:46.817227+00:00
scripts/cp_plane.py,PKG-BASELINE-HO3-000,sha256:0285def070450a7ba5345a987c12303977c316fcea09b15f2b1b3c9e00991302,script,2026-02-03T06:11:46.817227+00:00
scripts/cp_version_checkpoint.py,PKG-BASELINE-HO3-000,sha256:0cea1bcbe2f693bbdf2238c1a6a62016e889e079bdaae3a515c540a9ff8be32c,script,2026-02-03T06:11:46.817227+00:00
scripts/cp_version_list.py,PKG-BASELINE-HO3-000,sha256:b0d3cfede7247236d158f5bd221bc3184f36bc73338ec23d3db1713a10c3bb52,script,2026-02-03T06:11:46.817227+00:00
scripts/cp_version_rollback.py,PKG-BASELINE-HO3-000,sha256:d7956ae96c30a454cd57e23a3e19d641f0ea312ee72d62243205508aadd6f147,script,2026-02-03T06:11:46.817227+00:00
scripts/g0k_gate.py,PKG-BASELINE-HO3-000,sha256:66bf2185ddf3622504827dc79db2e2472f7d0838ee3c4665f6e1aeb13166269c,script,2026-02-03T06:11:46.817227+00:00
scripts/g2_gate.py,PKG-BASELINE-HO3-000,sha256:83c19bead37682f8464f19a138dd849039078ec69fe65f1aff0c309919bd4a3a,script,2026-02-03T06:11:46.817227+00:00
scripts/g3_gate.py,PKG-BASELINE-HO3-000,sha256:5092a3fb51604e02bca1dace9f72831e51a516c8117bad110eb7c26a74bf8430,script,2026-02-03T06:11:46.817227+00:00
scripts/g4_gate.py,PKG-BASELINE-HO3-000,sha256:94bd41a6e5316a7447978d537ee1b2395e27f74be5d42f008f8370d21488d9ca,script,2026-02-03T06:11:46.817227+00:00
scripts/g5_gate.py,PKG-BASELINE-HO3-000,sha256:7cacd44aa63466ad29704513d15f4c8eb7c7fdc3d0d12b4f26906fa4ad6c25d0,script,2026-02-03T06:11:46.817227+00:00
scripts/g6_gate.py,PKG-BASELINE-HO3-000,sha256:62521b41b9f540c1fad3b654b4f5930e359a7674fb4d420159a306783d210513,script,2026-02-03T06:11:46.817227+00:00
scripts/gate_check.py,PKG-BASELINE-HO3-000,sha256:9da55a97bd9bf35f3de7f13a219025c49f29d37ebf9f7d1ce3987146a1a4261a,script,2026-02-03T06:11:46.817227+00:00
scripts/generate_baseline_manifest.py,PKG-BASELINE-HO3-000,sha256:1239284e62d2c25a63c5e8dc7b3934e89c57ca8248dfbabcdd0a705b89da62eb,script,2026-02-03T06:11:46.817227+00:00
scripts/genesis_bootstrap.py,PKG-BASELINE-HO3-000,sha256:75fc80fb72b6b5dfa282b44b59571849b8b6b92e9546b53d2a360b7b686a4222,script,2026-02-03T06:11:46.817227+00:00
scripts/install_baseline.py,PKG-BASELINE-HO3-000,sha256:086e0d8399063b928cc6e7020afbabb52ca8b105541edd5cbe7cb8165d2b1d25,script,2026-02-03T06:11:46.817227+00:00
scripts/integrity_check.py,PKG-BASELINE-HO3-000,sha256:20f398c85879c611149213c962c5a3b32791c866167c87d281911ce9939dcf7b,script,2026-02-03T06:11:46.817227+00:00
scripts/kernel_build.py,PKG-BASELINE-HO3-000,sha256:6d9f595f56c50a7164f300eaf6bff5786680567a658ed0188400d8c94d020120,script,2026-02-03T06:11:46.817227+00:00
scripts/kernel_install.py,PKG-BASELINE-HO3-000,sha256:78397447fd395289d010715e9672f987655549ad2e21cdbf74362b82094682db,script,2026-02-03T06:11:46.817227+00:00
scripts/ledger_repair.py,PKG-BASELINE-HO3-000,sha256:160c0ac271d7b0d3c2a51bbb93e86b09950a2488ddd5231a22c1292a013f86ad,script,2026-02-03T06:11:46.817227+00:00
scripts/ledger_tier.py,PKG-BASELINE-HO3-000,sha256:f66ae70c53d87c84ca2ea16bfc79dd124b837b09d8a796d9653361a0da46ec49,script,2026-02-03T06:11:46.817227+00:00
scripts/mp.py,PKG-BASELINE-HO3-000,sha256:0edf1c37662402781be3686fe99080c49dfc7315d3faa9c572adccb0d6e3ecf2,script,2026-02-03T06:11:46.817227+00:00
scripts/package_factory.py,PKG-BASELINE-HO3-000,sha256:2d9f84af38beeda04859ac979b7a2c0fc4dcf37d1a28860a2b4adaa6ebd7b8b5,script,2026-02-03T06:11:46.817227+00:00
scripts/package_install.py,PKG-BASELINE-HO3-000,sha256:704625d1789689c8787a92cee89dfc523c3766d5d54564ed222bbf07a6a50021,script,2026-02-03T06:11:46.817227+00:00
scripts/package_pack.py,PKG-BASELINE-HO3-000,sha256:f472a989cf3d1e618473278eb47874155ea76339254555891ea5fb66f97f7963,script,2026-02-03T06:11:46.817227+00:00
scripts/package_sync.py,PKG-BASELINE-HO3-000,sha256:5fc6b646b8948595d4973a5ee446f03e88cacfe1d20039a1e246979007d16eee,script,2026-02-03T06:11:46.817227+00:00
scripts/package_trace.sh,PKG-BASELINE-HO3-000,sha256:8f9f53b252f7d8a03f8050b384594a1c2a23f8be42e09023e5c9e56ac699a90b,script,2026-02-03T06:11:46.817227+00:00
scripts/package_uninstall.py,PKG-BASELINE-HO3-000,sha256:ab1cde1c26a791de3a5c7762d58ed66341cd7e5b92b11a2b1826d67c47e31f17,script,2026-02-03T06:11:46.817227+00:00
scripts/pkgutil.py,PKG-BASELINE-HO3-000,sha256:5030a25bcc9d6e6a4d00dd36411e059b2d94b0da53953290f925026605986de0,script,2026-02-03T06:11:46.817227+00:00
scripts/policies/attention_default.yaml,PKG-BASELINE-HO3-000,sha256:dced8973850090c226698ca4ce57c491378a8576a0d57dee6913c7bfa8d51cab,policy,2026-02-03T06:11:46.817227+00:00
scripts/policies/install_policy.yaml,PKG-BASELINE-HO3-000,sha256:445a48b15cfe3636d46089f297b51bd255c5192c18d6449896e63d05d1abbfe3,policy,2026-02-03T06:11:46.817227+00:00
scripts/pristine_rebuild_drill.sh,PKG-BASELINE-HO3-000,sha256:fb8677ef2764ad6b2228ab8bf136c896bb7b798c3d35df97d554e20c8564eef3,script,2026-02-03T06:11:46.817227+00:00
scripts/quarantine_orphans.py,PKG-BASELINE-HO3-000,sha256:af2f7ecf654ce7773d6e7bf36ac2e026b794839453b9487bafa96c1d6ff59e2c,script,2026-02-03T06:11:46.817227+00:00
scripts/rebuild_derived.py,PKG-BASELINE-HO3-000,sha256:396115ea32588e431aaa7449fb9196776040816ea0f6f47e6af910b562567bb8,script,2026-02-03T06:11:46.817227+00:00
scripts/rebuild_derived_registries.py,PKG-BASELINE-HO3-000,sha256:df3abfd62e05127556195d83a0e2bd2f99fac348415992adc1929ba64d6abfba,script,2026-02-03T06:11:46.817227+00:00
scripts/remediate_orphans.py,PKG-BASELINE-HO3-000,sha256:28a7e314b7fec2c36ce917933f0c7ad5072e50b3b6104a3c690ae5a86278cedd,script,2026-02-03T06:11:46.817227+00:00
scripts/seal_guard.py,PKG-BASELINE-HO3-000,sha256:2c119f040625147b98bd44e004672efe2d97814d074f44208d41ee60363ea707,script,2026-02-03T06:11:46.817227+00:00
scripts/shell.py,PKG-BASELINE-HO3-000,sha256:ae2a924da7c9a3c5ac3f7f0b8a9c5d68d481871cbc8f037faef670fa0a51edad,script,2026-02-03T06:11:46.817227+00:00
scripts/test_install.sh,PKG-BASELINE-HO3-000,sha256:aa0fedee45483f801ff1b3f370cce8fcc783059d5077c907f02d2524ba272a21,script,2026-02-03T06:11:46.817227+00:00
scripts/test_pack.sh,PKG-BASELINE-HO3-000,sha256:4c81eeed41afefacab2650387c84f86f4aea34bb816c2b440985071c7b934abb,script,2026-02-03T06:11:46.817227+00:00
scripts/test_uninstall.sh,PKG-BASELINE-HO3-000,sha256:ba1a1a5729af79649fc84792fd1aaa5b594c75376fab5d747ae78f1a21dee08e,script,2026-02-03T06:11:46.817227+00:00
scripts/trace.py,PKG-BASELINE-HO3-000,sha256:2545515426f91d2ea0d2f6c2dd63a7a64e9baf7b158c404be0e0bb4d2e95e18f,script,2026-02-03T06:11:46.817227+00:00
scripts/validate_attention_policy.py,PKG-BASELINE-HO3-000,sha256:30b2949e2c03668eede1efe211ebd7e51449916dbeae5ca242ce24e26bb0b5cc,script,2026-02-03T06:11:46.817227+00:00
scripts/validate_install_policy.py,PKG-BASELINE-HO3-000,sha256:e4c6e7d8a5d27c90fe37c26143dde4b98d06cf40a323f7c6e23dccac56548ad9,script,2026-02-03T06:11:46.817227+00:00
scripts/validate_package_manifest.py,PKG-BASELINE-HO3-000,sha256:d77112637317b8b9da2340d04c27638a99781665bd5b5b1c75e55b3468c70dd1,script,2026-02-03T06:11:46.817227+00:00
scripts/validate_packages.py,PKG-BASELINE-HO3-000,sha256:657fbdda6c8a6c8cad4dd10ac26e86b43065af282014920f1a47644472e81284,script,2026-02-03T06:11:46.817227+00:00
scripts/validate_tier_deps.py,PKG-BASELINE-HO3-000,sha256:0f34f85ecd5bbb7e2b998524ab0d82ce8f5dcb72ee4cccb7dd8418fb02b2de92,script,2026-02-03T06:11:46.817227+00:00
scripts/validate_work_order.py,PKG-BASELINE-HO3-000,sha256:0f294c8befa3d5db74482a7b8caaffdf813a9f23886f5cca36b36fefdfff92ad,script,2026-02-03T06:11:46.817227+00:00
scripts/verify_installed_state.py,PKG-BASELINE-HO3-000,sha256:14846777efe0d450a5c5a652648df9c69a53db9fca02437cf10ab70c66497aa0,script,2026-02-03T06:11:46.817227+00:00
scripts/verify_integrity.sh,PKG-BASELINE-HO3-000,sha256:350d38f889b900b36b5161cf7ceda6e58932b3e9907b64a4d4852bfb013131fa,script,2026-02-03T06:11:46.817227+00:00
scripts/wo_approve.py,PKG-BASELINE-HO3-000,sha256:1c312dfa169be84e88db5c38adb4631d22b1ed11fa8e94ad22fe8aab67ba8ece,script,2026-02-03T06:11:46.817227+00:00
scripts/wo_keygen.py,PKG-BASELINE-HO3-000,sha256:2d703d92faa6ad27a3d12e1f8f178b7e08ebdaca42e69123a5e79299a4169614,script,2026-02-03T06:11:46.817227+00:00
scripts/wo_verify.py,PKG-BASELINE-HO3-000,sha256:5f57b63a0751a81b860a85094a6584650f695754b8866734162c05872f3004cc,script,2026-02-03T06:11:46.817227+00:00
specs/SPEC-ADMIN-001/00_overview.md,PKG-BASELINE-HO3-000,sha256:561e28e5afeb794e47ec75f956951756216ed9241d8d91f1d98a6e239eab1bc0,spec_asset,2026-02-03T06:11:46.817227+00:00
specs/SPEC-ADMIN-001/01_problem.md,PKG-BASELINE-HO3-000,sha256:eacc43a1f48b6d74b6e061419a9fb56fd737a5de556b209a6605723d10c15370,spec_asset,2026-02-03T06:11:46.817227+00:00
specs/SPEC-ADMIN-001/02_solution.md,PKG-BASELINE-HO3-000,sha256:e98d032f10c06ffc04a51e1cf861793c5ac7e56d191d4dedb25f30b581859cdc,spec_asset,2026-02-03T06:11:46.817227+00:00
specs/SPEC-ADMIN-001/03_requirements.md,PKG-BASELINE-HO3-000,sha256:c3338e89a194e37273d05105bd3d5e7be095cee440c38a0adda227e66947b8d1,spec_asset,2026-02-03T06:11:46.817227+00:00
specs/SPEC-ADMIN-001/04_design.md,PKG-BASELINE-HO3-000,sha256:b2f2ad9511d5a03ac9f70b0d0ef67ec8bb141528a49486004455a761136b5b42,spec_asset,2026-02-03T06:11:46.817227+00:00
specs/SPEC-ADMIN-001/05_testing.md,PKG-BASELINE-HO3-000,sha256:20e84010ceff1db7d5c490d31f0a64de6995582f4372ea58f44385fecda7ee16,spec_asset,2026-02-03T06:11:46.817227+00:00
specs/SPEC-ADMIN-001/06_rollout.md,PKG-BASELINE-HO3-000,sha256:4a22545c7ff60ca0431c21c2ab285d82de4fe816cb38e5e45bbaca873751cefc,spec_asset,2026-02-03T06:11:46.817227+00:00
specs/SPEC-ADMIN-001/07_registry.md,PKG-BASELINE-HO3-000,sha256:b5710dd72884a05a4a327fe6e217f70c03443325becbf33f2900202ea2f8bdcd,spec_asset,2026-02-03T06:11:46.817227+00:00
specs/SPEC-ADMIN-001/08_commit.md,PKG-BASELINE-HO3-000,sha256:11ab94e0de82f35f4c6c3b6d013806b74111e9acaad53f9fd37e9b6ad0283202,spec_asset,2026-02-03T06:11:46.817227+00:00
specs/SPEC-ADMIN-001/manifest.yaml,PKG-BASELINE-HO3-000,sha256:5d415e14bcb137fb1123350a32eb48149c7a7e42001608c04cfc37a88eed912c,spec_manifest,2026-02-03T06:11:46.817227+00:00
specs/SPEC-CHAT-001/00_overview.md,PKG-BASELINE-HO3-000,sha256:f51d7e7989cf93ad8aef996ac52e8e18e90b2aff370e503b1bc758d34004b2a9,spec_asset,2026-02-03T06:11:46.817227+00:00
specs/SPEC-CHAT-001/01_problem.md,PKG-BASELINE-HO3-000,sha256:f698cfeb03e8dd31810067078125a067e15864f30dbf253cdbe4a0b5073e6ff5,spec_asset,2026-02-03T06:11:46.817227+00:00
specs/SPEC-CHAT-001/02_solution.md,PKG-BASELINE-HO3-000,sha256:cf6d4579e658a05bf79919c3b1f1d375a043e2b0e871601d687d2ff0fa773ff4,spec_asset,2026-02-03T06:11:46.817227+00:00
specs/SPEC-CHAT-001/03_requirements.md,PKG-BASELINE-HO3-000,sha256:c781b815de5027b01f0e70be267f8f43e931849b5e7f75a8305ed6a3e6516c1b,spec_asset,2026-02-03T06:11:46.817227+00:00
specs/SPEC-CHAT-001/04_design.md,PKG-BASELINE-HO3-000,sha256:b8c743254c65a44e290d2371ed53cfe0e71ab91872e824321661c16f1cc2565c,spec_asset,2026-02-03T06:11:46.817227+00:00
specs/SPEC-CHAT-001/05_testing.md,PKG-BASELINE-HO3-000,sha256:fb93e4ad62c6106765b961a3e8fcd8df0f2dcf10d6cfa48d2c1cbb4c212d1caa,spec_asset,2026-02-03T06:11:46.817227+00:00
specs/SPEC-CHAT-001/06_rollout.md,PKG-BASELINE-HO3-000,sha256:b275d48050d6b4e31eccf39938ecb9307e2a98bcb504b5a03c9ee0c06e74bb88,spec_asset,2026-02-03T06:11:46.817227+00:00
specs/SPEC-CHAT-001/07_registry.md,PKG-BASELINE-HO3-000,sha256:e5ca6ba3915d936bf8a5034bc0d2215dac5aa5e91e31abcd425d48b8e345c4de,spec_asset,2026-02-03T06:11:46.817227+00:00
specs/SPEC-CHAT-001/08_commit.md,PKG-BASELINE-HO3-000,sha256:c42feda450ae8b8b07435eddbb3512c0f9162bbdceecb517794a19ea2f4ff3be,spec_asset,2026-02-03T06:11:46.817227+00:00
specs/SPEC-CHAT-001/manifest.yaml,PKG-BASELINE-HO3-000,sha256:39aa618d88da9e633ebee0495ec8050935c8d2cd8f72ca7509e88edb9ef746a1,spec_manifest,2026-02-03T06:11:46.817227+00:00
specs/SPEC-CORE-001/manifest.yaml,PKG-BASELINE-HO3-000,sha256:10b1444da6fee92f41bc9c0928bcc4facf828c278a2a8ce738afb35c3e3a42f4,spec_manifest,2026-02-03T06:11:46.817227+00:00
specs/SPEC-CORE-SCRIPTS-001/manifest.yaml,PKG-BASELINE-HO3-000,sha256:1a5d6217c3f4b772f0c3d29a00404270b4f6c0b7bdd3fbf1dfd8bf285628374c,spec_manifest,2026-02-03T06:11:46.817227+00:00
specs/SPEC-DOC-001/manifest.yaml,PKG-BASELINE-HO3-000,sha256:362105507bec5ab40489f7070a0d05cda66276547cce9271e7abfdc871b5915a,spec_manifest,2026-02-03T06:11:46.817227+00:00
specs/SPEC-EVIDENCE-001/00_overview.md,PKG-BASELINE-HO3-000,sha256:3361318aa606c0d30cb1da5dc72fc773061436e0f5e6646b2344a3bbb2212fef,spec_asset,2026-02-03T06:11:46.817227+00:00
specs/SPEC-EVIDENCE-001/01_problem.md,PKG-BASELINE-HO3-000,sha256:74776160439c21cc8399fb8d63f9cfffcf095418a2f7b53b621de6442a8f5b18,spec_asset,2026-02-03T06:11:46.817227+00:00
specs/SPEC-EVIDENCE-001/02_solution.md,PKG-BASELINE-HO3-000,sha256:46a273e2793f1ec7df354b4e24fbe3ef4c898aeaf931edc4ac6fea7e73f52edd,spec_asset,2026-02-03T06:11:46.817227+00:00
specs/SPEC-EVIDENCE-001/03_requirements.md,PKG-BASELINE-HO3-000,sha256:d767fbcc4930cc04f785beb946472d2f37c35af1c190b09dc3257dee9a673a95,spec_asset,2026-02-03T06:11:46.817227+00:00
specs/SPEC-EVIDENCE-001/04_design.md,PKG-BASELINE-HO3-000,sha256:e169cd82d1ec202b3b623aaac037e47e879da9c346914dbefd0a209a433ba0b4,spec_asset,2026-02-03T06:11:46.817227+00:00
specs/SPEC-EVIDENCE-001/05_testing.md,PKG-BASELINE-HO3-000,sha256:71ed8977adab871f62ad66da14bae3e7df2af3b3d1a093c000f32651dc17385b,spec_asset,2026-02-03T06:11:46.817227+00:00
specs/SPEC-EVIDENCE-001/06_rollout.md,PKG-BASELINE-HO3-000,sha256:66abad5159c9a417faeb2ea7e99dbf7816bf216d0a853a021440034180950a7a,spec_asset,2026-02-03T06:11:46.817227+00:00
specs/SPEC-EVIDENCE-001/07_registry.md,PKG-BASELINE-HO3-000,sha256:a37251f37029c57db9999c2d6fca663de40a9ece44a0c4ebd98006ec941dee96,spec_asset,2026-02-03T06:11:46.817227+00:00
specs/SPEC-EVIDENCE-001/08_commit.md,PKG-BASELINE-HO3-000,sha256:f1a7d56bf9eae001e1da7325f69a9004dcdaefaeab8bb1c30e64110ea4d3e2ad,spec_asset,2026-02-03T06:11:46.817227+00:00
specs/SPEC-EVIDENCE-001/manifest.yaml,PKG-BASELINE-HO3-000,sha256:93d162c5ddf9c3dbf28e18773406d0e687291490d12b515328d5138779868c0f,spec_manifest,2026-02-03T06:11:46.817227+00:00
specs/SPEC-FMWK-001/manifest.yaml,PKG-BASELINE-HO3-000,sha256:bf20e2d5326edeed212404c2e6fb2308b98efe6e552567ca098e6fae707a9c9b,spec_manifest,2026-02-03T06:11:46.817227+00:00
specs/SPEC-FMWK-CAPS-001/manifest.yaml,PKG-BASELINE-HO3-000,sha256:7e56ddc3a26c2f9d33345019eb055362014f79c89da76979f14f1947b64487fe,spec_manifest,2026-02-03T06:11:46.817227+00:00
specs/SPEC-GATE-001/manifest.yaml,PKG-BASELINE-HO3-000,sha256:59581474c279bb9d145b3dc9720e1f20753caa57dbb956baa36450fdd2165c78,spec_manifest,2026-02-03T06:11:46.817227+00:00
specs/SPEC-GENESIS-001/manifest.yaml,PKG-BASELINE-HO3-000,sha256:8db128ee4c6a8335164a8761fb109955f0f68e80b7cfd6730039b4f3b4018639,spec_manifest,2026-02-03T06:11:46.817227+00:00
specs/SPEC-INSPECT-001/manifest.yaml,PKG-BASELINE-HO3-000,sha256:eb6c344ecb4758ab072f06a023f102834dccc80984c4153d1d7147c78a248fea,spec_manifest,2026-02-03T06:11:46.817227+00:00
specs/SPEC-INT-001/manifest.yaml,PKG-BASELINE-HO3-000,sha256:36464a6ec336a760100f7da549f2b9c7349d4db8e0575c86dc08edcf8afd4cda,spec_manifest,2026-02-03T06:11:46.817227+00:00
specs/SPEC-LEDGER-001/manifest.yaml,PKG-BASELINE-HO3-000,sha256:446fe7b3f24a5ec698874e64f40436061056ad5b77e03be79b6ea21b2d1a80c8,spec_manifest,2026-02-03T06:11:46.817227+00:00
specs/SPEC-PKG-001/manifest.yaml,PKG-BASELINE-HO3-000,sha256:df98bebd4d9f201e831be7c8f689dac74ff855556ce747bca0d102e39bb3e8d4,spec_manifest,2026-02-03T06:11:46.817227+00:00
specs/SPEC-PLANE-001/manifest.yaml,PKG-BASELINE-HO3-000,sha256:a7e1b348b4900355edb3eab8fdf1b720210097cfcda93c570f40523185faf601,spec_manifest,2026-02-03T06:11:46.817227+00:00
specs/SPEC-POLICY-001/manifest.yaml,PKG-BASELINE-HO3-000,sha256:b397c4f902c2ee0a7a23cb33472eef4ad847fa5fddafa9e082065501cab0f79c,spec_manifest,2026-02-03T06:11:46.817227+00:00
specs/SPEC-PROMPT-001/00_overview.md,PKG-BASELINE-HO3-000,sha256:2e9a9e1d56593ef18c34e69b0497cbe2ca38c2cad41494a0e4b64656465fe075,spec_asset,2026-02-03T06:11:46.817227+00:00
specs/SPEC-PROMPT-001/01_problem.md,PKG-BASELINE-HO3-000,sha256:10cedbd4c77dd5b6999a2d9884543b779fea3f6efdf4e2c9b2fbf854d805317d,spec_asset,2026-02-03T06:11:46.817227+00:00
specs/SPEC-PROMPT-001/02_solution.md,PKG-BASELINE-HO3-000,sha256:0e40857880d93f1c1749a9ec41d5bd77f5e66c43eb2eb2b3df43648ba7f78dfe,spec_asset,2026-02-03T06:11:46.817227+00:00
specs/SPEC-PROMPT-001/03_requirements.md,PKG-BASELINE-HO3-000,sha256:6e98cb01e92b4fc41ed0e0e0fe6fa3dfb1a4e7332f19f6e28917a89e64db7c2b,spec_asset,2026-02-03T06:11:46.817227+00:00
specs/SPEC-PROMPT-001/04_design.md,PKG-BASELINE-HO3-000,sha256:1991a393c19e1ac63412e77af97fb3169895772c4f1a4f8c48fdfb838a7a3170,spec_asset,2026-02-03T06:11:46.817227+00:00
specs/SPEC-PROMPT-001/05_testing.md,PKG-BASELINE-HO3-000,sha256:d30be62eb536f5854c433cb48d78767515bb2c8c6c974779f835646e54f7d4da,spec_asset,2026-02-03T06:11:46.817227+00:00
specs/SPEC-PROMPT-001/06_rollout.md,PKG-BASELINE-HO3-000,sha256:72aa2c31f5a29ccfe85d7edf219b42d0aa397beea0b1bc677ca281100e35c976,spec_asset,2026-02-03T06:11:46.817227+00:00
specs/SPEC-PROMPT-001/07_registry.md,PKG-BASELINE-HO3-000,sha256:c7f7a0278930807d57b323f73fc033214ef2ccf8377877e10f9f158f621c262d,spec_asset,2026-02-03T06:11:46.817227+00:00
specs/SPEC-PROMPT-001/08_commit.md,PKG-BASELINE-HO3-000,sha256:e46cd407cca2f1a0ae8199ec0e257f828bfdc273533b3ba75f4852f468e04e49,spec_asset,2026-02-03T06:11:46.817227+00:00
specs/SPEC-RATE-MGMT-001/manifest.yaml,PKG-BASELINE-HO3-000,sha256:b4ad08d44624629ca94a35fff180637391450b9cea7f1760ebdb187d388b7b00,spec_manifest,2026-02-03T06:11:46.817227+00:00
specs/SPEC-REG-001/manifest.yaml,PKG-BASELINE-HO3-000,sha256:44563f78e4a2c4f863c999583f44e17d0b8fd5ae7847b9030317d5056b788222,spec_manifest,2026-02-03T06:11:46.817227+00:00
specs/SPEC-ROUTER-001/manifest.yaml,PKG-BASELINE-HO3-000,sha256:7f7bd245fad48777f58b08fa1850629b30b133b6490902c63f78f34c97e2d3b8,spec_manifest,2026-02-03T06:11:46.817227+00:00
specs/SPEC-ROUTER-FIX-001/manifest.yaml,PKG-BASELINE-HO3-000,sha256:ca4af2e016abb9309051c68903bd94f0bf9f2ad62737948872f9af1c630f3a20,spec_manifest,2026-02-03T06:11:46.817227+00:00
specs/SPEC-ROUTER-PURE-001/manifest.yaml,PKG-BASELINE-HO3-000,sha256:5bbae300280a1cc4659e8d84ba8ca4025303119eeeba9edc6fa99675b72aefd4,spec_manifest,2026-02-03T06:11:46.817227+00:00
specs/SPEC-RUNTIME-001/00_overview.md,PKG-BASELINE-HO3-000,sha256:e1293992c3e1cd949b843292c5e638cfc7b2d8f757bd963b1e87823ede412813,spec_asset,2026-02-03T06:11:46.817227+00:00
specs/SPEC-RUNTIME-001/01_problem.md,PKG-BASELINE-HO3-000,sha256:1327b0967dddc3992e5a16b72fa53bf147d959586779972324d36a13749108bb,spec_asset,2026-02-03T06:11:46.817227+00:00
specs/SPEC-RUNTIME-001/02_solution.md,PKG-BASELINE-HO3-000,sha256:4a8ca117585e79b4edf89967aa332ae9e30ca6af4747bcbda7eba1ce2286b00f,spec_asset,2026-02-03T06:11:46.817227+00:00
specs/SPEC-RUNTIME-001/03_requirements.md,PKG-BASELINE-HO3-000,sha256:bde4df8bf931abdeec1a5db08b0530e01c29715447a7f09e504be2151a08a8f5,spec_asset,2026-02-03T06:11:46.817227+00:00
specs/SPEC-RUNTIME-001/04_design.md,PKG-BASELINE-HO3-000,sha256:4ac2ed63d9e7f28bcf408f84bf7721997cb3c56ee6334fbdecfdb409ed42d48a,spec_asset,2026-02-03T06:11:46.817227+00:00
specs/SPEC-RUNTIME-001/05_testing.md,PKG-BASELINE-HO3-000,sha256:73437dbaa22fbcad75e6517747b050f4a20bc7f6cfeb939f39e7796131807759,spec_asset,2026-02-03T06:11:46.817227+00:00
specs/SPEC-RUNTIME-001/06_rollout.md,PKG-BASELINE-HO3-000,sha256:61f1baf1e7b76f5ed583aeda164f6bf7f54caa843a29067a2a82ea827b6493df,spec_asset,2026-02-03T06:11:46.817227+00:00
specs/SPEC-RUNTIME-001/07_registry.md,PKG-BASELINE-HO3-000,sha256:f8294876793abb800343726155a816b75b1f9cbd52577b3c9b2d7cb2a45ecc70,spec_asset,2026-02-03T06:11:46.817227+00:00
specs/SPEC-RUNTIME-001/08_commit.md,PKG-BASELINE-HO3-000,sha256:0359c3dfec3f50a38b9e87a66d3decc0c6913f34d2f4854bee85e4dcb31c7b76,spec_asset,2026-02-03T06:11:46.817227+00:00
specs/SPEC-RUNTIME-001/manifest.yaml,PKG-BASELINE-HO3-000,sha256:8b31a3558322abb94412e368b3cd408cbee3919f610ff1bd1e31adcf5a2ac394,spec_manifest,2026-02-03T06:11:46.817227+00:00
specs/SPEC-SEC-001/manifest.yaml,PKG-BASELINE-HO3-000,sha256:a76805b0304837420a9656467c7bcb04c086b56bb775feab29a9e628d7baddd3,spec_manifest,2026-02-03T06:11:46.817227+00:00
specs/SPEC-SHELL-001/00_overview.md,PKG-BASELINE-HO3-000,sha256:6e321bf24a19059f4cc56779c693c6be730d50c2cdce75b7687ded6a2dd73e72,spec_asset,2026-02-03T06:11:46.817227+00:00
specs/SPEC-SHELL-001/01_problem.md,PKG-BASELINE-HO3-000,sha256:b074ab1ba9951853f7c1f797b6d592887da13175b81480cec5db333537fefa4f,spec_asset,2026-02-03T06:11:46.817227+00:00
specs/SPEC-SHELL-001/02_solution.md,PKG-BASELINE-HO3-000,sha256:f56fda095147a5a247118e6bee9b29dc939a741e76aa478b54003b73513402b8,spec_asset,2026-02-03T06:11:46.817227+00:00
specs/SPEC-SHELL-001/03_requirements.md,PKG-BASELINE-HO3-000,sha256:b548ecc11df86159a19b377bbeda357bd1f30493e6bedc84418092799fda1000,spec_asset,2026-02-03T06:11:46.817227+00:00
specs/SPEC-SHELL-001/04_design.md,PKG-BASELINE-HO3-000,sha256:e883c0ca28377c3999eff89b70cfeb67cc387c690fc6c576fdf6459f10ea0956,spec_asset,2026-02-03T06:11:46.817227+00:00
specs/SPEC-SHELL-001/05_testing.md,PKG-BASELINE-HO3-000,sha256:384d06e95208d83e231346d69107535344225c0b14a6b34734acbb909b57163c,spec_asset,2026-02-03T06:11:46.817227+00:00
specs/SPEC-SHELL-001/06_rollout.md,PKG-BASELINE-HO3-000,sha256:91c0097fd65885de6995ae12096e96541e19cc958e2146fcd45647bc42e6faa3,spec_asset,2026-02-03T06:11:46.817227+00:00
specs/SPEC-SHELL-001/07_registry.md,PKG-BASELINE-HO3-000,sha256:ae7edae41179c5e787967489273b078731ff27c296cd84f8085de4588fb2eacd,spec_asset,2026-02-03T06:11:46.817227+00:00
specs/SPEC-SHELL-001/08_commit.md,PKG-BASELINE-HO3-000,sha256:a72b53e84894e678048d483434e2e063fabd6e5dd70c2926743394c328f19f23,spec_asset,2026-02-03T06:11:46.817227+00:00
specs/SPEC-SHELL-001/manifest.yaml,PKG-BASELINE-HO3-000,sha256:c78bcba5e69694dc98326724a6020ab4ed294f94bb8b2bd2af783a1813f5e8f8,spec_manifest,2026-02-03T06:11:46.817227+00:00
specs/SPEC-TEST-001/manifest.yaml,PKG-BASELINE-HO3-000,sha256:b3e65e1d0c22ea3c69d51a4aea58b55919bddf9ee912bb46de620b94572eb9d9,spec_manifest,2026-02-03T06:11:46.817227+00:00
specs/SPEC-VER-001/manifest.yaml,PKG-BASELINE-HO3-000,sha256:5709fb1d17b4d871adbe41221e0872b81d97d991458e13076319d0b4f745c430,spec_manifest,2026-02-03T06:11:46.817227+00:00
tests/test_admin_agent.py,PKG-TEST-ROUTER-CAPS-001,sha256:7beccbd21025a445bc198240169438a511b3436a2594c364b0384b2a798e65eb,other,2026-02-07T06:39:10.520885+00:00
tests/test_admin_llm_assisted.py,PKG-TEST-ROUTER-CAPS-001,sha256:23cd702e39cc69b1daab610f2020e89fccce5ce62a274ae20fe102dead4c71d1,other,2026-02-07T06:39:10.520885+00:00
tests/test_agent_helpers.py,PKG-BASELINE-HO3-000,sha256:9993b8812f64ae320d687a21dd0d1805ba109808c63105a2f8b2be023b6c75c2,test,2026-02-03T06:11:46.817227+00:00
tests/test_agent_runtime.py,PKG-BASELINE-HO3-000,sha256:956a79d72e0a022b144d2175c222e4130546793283c62533bd79f182f2fa7e01,test,2026-02-03T06:11:46.817227+00:00
tests/test_auth.py,PKG-BASELINE-HO3-000,sha256:0b7ff06830c223a9f60325cbe6e02195f9428f3bdd173647837cc39190d078bf,test,2026-02-03T06:11:46.817227+00:00
tests/test_authz.py,PKG-BASELINE-HO3-000,sha256:c54710f518ed1866199d90e4165167a7322c5ad25fb7f39a5891e6de4b53a22b,test,2026-02-03T06:11:46.817227+00:00
tests/test_chain.py,PKG-BASELINE-HO3-000,sha256:209e0a5e914c8b53a31d5e6ec1d9eb295efc58a125a8e2a89ddfe1de624eb365,test,2026-02-03T06:11:46.817227+00:00
tests/test_chain_genesis.py,PKG-BASELINE-HO3-000,sha256:f69bbc638497402d4acd828ecdfbd98f5b91de54429c7ffb028435dfb8dde0e5,test,2026-02-03T06:11:46.817227+00:00
tests/test_chat_interface.py,PKG-TEST-ROUTER-CAPS-001,sha256:445a043b9a94e8eb300d4006a2ff78623c5f6136eb9736ab6828402cd808a641,other,2026-02-07T06:39:10.520885+00:00
tests/test_chat_session.py,PKG-BASELINE-HO3-000,sha256:edfa451bfb2450ef44fbf924f8e743fe69c0aed4c4a6500994af5a41a71b20ca,test,2026-02-03T06:11:46.817227+00:00
tests/test_cross_tier_provenance.py,PKG-BASELINE-HO3-000,sha256:f5428c7e1dcab8989ff6f13f07bf994b7af2630719118c71c948299539262990,test,2026-02-03T06:11:46.817227+00:00
tests/test_factory_canary.py,PKG-BASELINE-HO3-000,sha256:626c6d03dc289f7321d4f49c33783cced6adcdbfd2ded0747576e1a0bfdebcb7,test,2026-02-03T06:11:46.817227+00:00
tests/test_g2_gate.py,PKG-BASELINE-HO3-000,sha256:b58849c27c180999d20e0895b710e4dbe1bea56b7951da0f7f9e1773100bb9d3,test,2026-02-03T06:11:46.817227+00:00
tests/test_g3_gate.py,PKG-BASELINE-HO3-000,sha256:005c88f23004f8f2adc173621b4454c15f266f8b5e6a998a039916052d6e5275,test,2026-02-03T06:11:46.817227+00:00
tests/test_g4_gate.py,PKG-BASELINE-HO3-000,sha256:dd437ffe65dec7c5849160042141c9181ea1b5e25cbdab441af95eda44693d93,test,2026-02-03T06:11:46.817227+00:00
tests/test_g5_gate.py,PKG-BASELINE-HO3-000,sha256:a3347e855521cbdd000632c2f8985fc2b08ea34d80f8f8c5aaa5e4f3cf434560,test,2026-02-03T06:11:46.817227+00:00
tests/test_g6_full.py,PKG-BASELINE-HO3-000,sha256:1361e848eeccf7b0b4f08ff90a1329c41ac0a4878151575d063520d686681a6e,test,2026-02-03T06:11:46.817227+00:00
tests/test_hashing.py,PKG-BASELINE-HO3-000,sha256:1ede88512482e695e2243fb1959d2d9feb565985cd939f221f262d134f99df8f,test,2026-02-03T06:11:46.817227+00:00
tests/test_idempotency.py,PKG-BASELINE-HO3-000,sha256:9444c6b1c27e3bd8932fcab196aa49a3de0fc352fe37265053e79869dfc1abce,test,2026-02-03T06:11:46.817227+00:00
tests/test_kernel_parity.py,PKG-BASELINE-HO3-000,sha256:2188bedf9f87c4dc6a3ec96bfb23c009d4c8941acde06190b34be15339fb30d7,test,2026-02-03T06:11:46.817227+00:00
tests/test_ledger_chain.py,PKG-BASELINE-HO3-000,sha256:c88f6049118d8694944e8a683d80ce9cb456117a4c7f41ff9e62cd15f3024989,test,2026-02-03T06:11:46.817227+00:00
tests/test_manifest_v11.py,PKG-BASELINE-HO3-000,sha256:549203dec511e113203b27ce7c24af58f793aa110e02455f2ec785e20cbcf30f,test,2026-02-03T06:11:46.817227+00:00
tests/test_multiplane.py,PKG-BASELINE-HO3-000,sha256:9d542d6fb0c5d1db038c56dc24cbe260ee6533d066a15ca143caf2981394ccce,test,2026-02-03T06:11:46.817227+00:00
tests/test_no_direct_llm.py,PKG-BASELINE-HO3-000,sha256:fccac2c79cba66e8be9f6b783180e0aba5b88b9e8661bd91db6cf56b6ac9f703,test,2026-02-03T06:11:46.817227+00:00
tests/test_packages.py,PKG-BASELINE-HO3-000,sha256:dc4164931eb2c781fadef256ab7f35a5c5bb3d0a730d7dcf228a413e684f6a43,test,2026-02-03T06:11:46.817227+00:00
tests/test_phase1_baseline.py,PKG-BASELINE-HO3-000,sha256:e84fea1a3e7f392feeb2f30244d1b001555f113f12eab7aac4bbe4afb0a31ef9,test,2026-02-03T06:11:46.817227+00:00
tests/test_phase1b_package_install.py,PKG-BASELINE-HO3-000,sha256:646d54d127fdb9a5b905a4ccb7cdf10454f45ab63930b097324b31cf5f496e05,test,2026-02-03T06:11:46.817227+00:00
tests/test_phase3_summary.py,PKG-BASELINE-HO3-000,sha256:b350891ab9e9dfd8378fa765f19297af8efac7564d8b4c1e351f42ea9525261e,test,2026-02-03T06:11:46.817227+00:00
tests/test_pkgutil.py,PKG-BASELINE-HO3-000,sha256:3d66233362f31a5e90698ac2c5c594f0c295536450f2a0b585990b1dc9ee4a96,test,2026-02-03T06:11:46.817227+00:00
tests/test_plane.py,PKG-BASELINE-HO3-000,sha256:d79bbbf62c85dbc9a8ecc365baa6dbb6b5fdabe2e1b60a1a8ed781d51eb20cbb,test,2026-02-03T06:11:46.817227+00:00
tests/test_preflight.py,PKG-BASELINE-HO3-000,sha256:841b2061eb5ba4a7c4d3c61c13e982c8087500c0403e766b203c8e538facb25f,test,2026-02-03T06:11:46.817227+00:00
tests/test_pristine.py,PKG-BASELINE-HO3-000,sha256:0ee9afba03de9b9e360f7d4369588a35820a1b9c50ddc271f373c0d9180a1b93,test,2026-02-03T06:11:46.817227+00:00
tests/test_prompt_loader.py,PKG-BASELINE-HO3-000,sha256:8ebfe7ef41d12f943ea68d66a14396db6e21a654635e093fb8cd32819a8112c5,test,2026-02-03T06:11:46.817227+00:00
tests/test_prompt_tracking.py,PKG-BASELINE-HO3-000,sha256:47c5effb253906c9c9ba8d79baad33c8b7950fe55b96dfb3d0470965637798c1,test,2026-02-03T06:11:46.817227+00:00
tests/test_provenance.py,PKG-BASELINE-HO3-000,sha256:178afaabd31fb82ddc7702284d42916bf85e75a9ae0e6bd335d1b7425f0b88f4,test,2026-02-03T06:11:46.817227+00:00
tests/test_router.py,PKG-TEST-ROUTER-CAPS-001,sha256:66553f12b36dde3ae9737e46b630511d38a00b2486a4f9bf90cbc7e8b535454b,other,2026-02-07T06:39:10.520885+00:00
tests/test_router_admin_contract.py,PKG-TEST-ROUTER-CAPS-001,sha256:4e475fd201715566a7383d54d5255c9165cfa589a711c9e47b50bd600b21c1a7,other,2026-02-07T06:39:10.520885+00:00
tests/test_sandbox_failclosed.py,PKG-BASELINE-HO3-000,sha256:96a5f1ca08dbfcaf492f86207df560a3a0b04d4ac9b89aed0a58ca0284686065,test,2026-02-03T06:11:46.817227+00:00
tests/test_shell.py,PKG-BASELINE-HO3-000,sha256:de8924e577760dfc70bbbc3e55677330226b0fce4912640873d06fb2b248ef01,test,2026-02-03T06:11:46.817227+00:00
tests/test_shell_commands.py,PKG-BASELINE-HO3-000,sha256:804f62dcaf6e23e0cf456db71fe5f588b00f0295f220663f72539fbcc7e259b7,test,2026-02-03T06:11:46.817227+00:00
tests/test_shell_pipe.py,PKG-BASELINE-HO3-000,sha256:69e190e5afb1996dd687070f46abaca9da4905935c71ffa1afa50a1188842e4d,test,2026-02-03T06:11:46.817227+00:00
tests/test_stdlib_auth.py,PKG-BASELINE-HO3-000,sha256:9d434c30d8dc0c6659f38bc43bfc8b2896f2f2993cc00fa0161aff9d4c125818,test,2026-02-03T06:11:46.817227+00:00
tests/test_stdlib_auth_pipe.py,PKG-BASELINE-HO3-000,sha256:860c2799ea298d474c32b57816be5f5f0fa720f783595ae42d770ff34380a414,test,2026-02-03T06:11:46.817227+00:00
tests/test_stdlib_evidence.py,PKG-BASELINE-HO3-000,sha256:699ae78263753f3820551964deae566e43ea4de42209a6a31b7a79b766c93a19,test,2026-02-03T06:11:46.817227+00:00
tests/test_stdlib_evidence_pipe.py,PKG-BASELINE-HO3-000,sha256:69935ab49edb6123a8f850d1845d410a414a04de5f15df1cf7bcbfc5b1e9e9c6,test,2026-02-03T06:11:46.817227+00:00
tests/test_stdlib_llm.py,PKG-BASELINE-HO3-000,sha256:f6eddfe32eb396d760ddfead29d0721a4094f9803b93553bcb0fcd59b28d2d49,test,2026-02-03T06:11:46.817227+00:00
tests/test_stdlib_llm_mock.py,PKG-BASELINE-HO3-000,sha256:67dd519f034bf65fa5b81461895c9e27e731df97fd5a11e5d5b7f9bea01c723a,test,2026-02-03T06:11:46.817227+00:00
tests/test_tier_ledger.py,PKG-BASELINE-HO3-000,sha256:03085cd1cf1e8f8d45e9007b9b347fdcc2bdc194304c2bc75633597b88ba9320,test,2026-02-03T06:11:46.817227+00:00
tests/test_trace.py,PKG-BASELINE-HO3-000,sha256:df3b44b95d8a580201758236969147783e05a779a60170c1cbebb94aed9c7a9f,test,2026-02-03T06:11:46.817227+00:00
