id,name,entity_type,category,purpose,artifact_path,status,selected,priority,dependencies,version,owner,created_at,source_spec_id,content_hash,config
SCRIPT-INT,Integrity Check,script,governance,Validate registry â†” filesystem and hashes,/scripts/integrity_check.py,active,yes,P0,"LIB-PATHS,LIB-MERKLE",2.0.0,system,2026-01-30,,fd63b1f803cdb5a2f85eaebf283a560bafb5b15416ce3e0739a322bda34fa175,
SCRIPT-PKG-SYNC,Package Sync,script,package-mgmt,Compile packages registry to JSON,/scripts/package_sync.py,active,yes,P0,LIB-PATHS,1.0.0,system,2026-01-30,,3060c326fc66ca81eb07a6287eb051621f412c749360f1912fd36d67f144dff6,
SCRIPT-PKG-VALIDATE,Validate Packages,script,package-mgmt,Validate packages registry schema and deps,/scripts/validate_packages.py,active,yes,P0,LIB-PATHS,1.0.0,system,2026-01-30,,b201b72f1c099a41e9e5d043140fa5e1f60c2fdf880df9e3235568657b751d23,
SCRIPT-PKG-PACK,Package Pack,script,package-mgmt,Create tar.gz packages and update registry,/scripts/package_pack.py,active,yes,P0,"LIB-PACKAGES,LIB-PATHS",1.0.0,system,2026-01-30,,f3cb5e21b0ba37a37aeaa0875eef18b04b65701f9eedcc95d135ea08892b800b,
SCRIPT-PKG-INSTALL,Package Install,script,package-mgmt,Install tar.gz packages with hash verification,/scripts/package_install.py,active,yes,P0,"LIB-PACKAGES,LIB-PATHS",1.0.0,system,2026-01-30,,efefceea6503e33c99d4c1f14adbedf20ab39fc09a8ddb6b2c741b75575d64f1,
LIB-PATHS,Path Utilities,lib,infrastructure,Resolve repo and control plane roots,/lib/paths.py,active,yes,P0,,1.0.0,system,2026-01-30,,73930b79dfd308e5431d72dc7c575eecce8b591295a422a8785d9d3e9f90e108,
LIB-MERKLE,Merkle Utilities,lib,infrastructure,Hashing + Merkle roots,/lib/merkle.py,active,yes,P0,LIB-PATHS,1.0.0,system,2026-01-30,,3dbaaa28cc4c4abab37b9f1adbfe9e7c7625bf54b7b2ab992d050f2bc2b82a63,
LIB-INTEGRITY,Integrity Library,lib,governance,Three-check integrity validation,/lib/integrity.py,active,yes,P0,LIB-MERKLE,1.0.0,system,2026-01-30,,6fec3da36761c2a9d51b9562d9088c59dcce304eadad648fc0f5869be385a616,
LIB-LEDGER,Ledger Client,lib,infrastructure,Append-only ledger with hash chaining,/lib/ledger_client.py,active,yes,P0,LIB-MERKLE,1.0.0,system,2026-01-30,,12eee184694ba4c2e86b63688de03e42b10964d093e40ef64932bb46b351ca78,
LIB-REGISTRY,Registry Utilities,lib,infrastructure,Read/write registry helpers,/lib/registry.py,active,yes,P0,LIB-PATHS,1.0.0,system,2026-01-30,,81d0a4b5902d77ecf83b431ff1dfacf50b2feeed7e2d8cb5251cb3450cd20f9a,
LIB-RESOLVE,Path Resolver,lib,infrastructure,Artifact path resolution,/lib/resolve.py,active,yes,P0,LIB-PATHS,1.0.0,system,2026-01-30,,3ae724262c9e4a5c87d2c721b7839d3f0b114ad53cb5ba1c390f59469e018364,
LIB-GATE,Gate Operations,lib,governance,Create/install/update/remove artifacts with logging,/lib/gate_operations.py,active,yes,P0,"LIB-LEDGER,LIB-INTEGRITY,LIB-PATHS",1.0.0,system,2026-01-30,,d0e242a8680e7c645cb487710036765c93badb03506eeeba9d367230494d21b4,
LIB-ID,ID Allocator,lib,governance,Allocate IDs by entity type prefix,/lib/id_allocator.py,active,yes,P0,LIB-PATHS,1.0.0,system,2026-01-30,,8b126651bde0ef01817fb8c38bae274574dcde16ea60f02be6b79863eaf374de,
LIB-OUTPUT,Result Reporter,lib,infrastructure,Standardized output formatting,/lib/output.py,active,yes,P0,,1.0.0,system,2026-01-30,,8ab6916f7bc06be2fa75328860947e56df71f846eb7bf87cee7f187bf08e6d63,
LIB-PACKAGES,Package Utilities,lib,package-mgmt,Pack/unpack archives and hash verification,/lib/packages.py,active,yes,P0,LIB-PATHS,1.0.0,system,2026-01-30,,eb0b8e589f41b4bafd33a7e30d34a2a4ac1b180deac34209f85de9264ea5c127,
REG-CP,Control Plane Registry,registry,governance,Source of truth for governed artifacts,/registries/control_plane_registry.csv,active,yes,P0,,2.0.0,system,2026-01-30,,,
REG-PKG,Packages Registry,registry,package-mgmt,Package metadata for frameworks,/registries/packages_registry.csv,active,yes,P0,REG-CP,1.0.0,system,2026-01-30,,ecb220dfad237061ace1f311dcab52fadf4515985021295e8f5e450ee9b56c04,
FMWK-100,Agent Development Standard,framework,governance,Minimum viable framework,/frameworks/FMWK-100_agent_development_standard.md,active,yes,P0,,1.0.0,system,2026-01-30,,c6eb6e86b4cdfac24f055d30dd7ee4166c80a8fadad79d53c9fe906fd1789ade,
FMWK-101,Altitude Depth Standard,framework,governance,Maps altitude levels to depth,/frameworks/FMWK-101_altitude_depth_standard.md,active,yes,P0,FMWK-100,1.0.0,system,2026-01-30,,3fa8ac765ebf5ab3799c14a1413c2a43071a9911325ab4e78f3fcc345d471c35,
FMWK-102,Altitude Convention Standard,framework,governance,Altitude numbering and criteria,/frameworks/FMWK-102_altitude_convention.md,active,yes,P0,FMWK-101,1.0.0,system,2026-01-30,,317dc34313c7a1f3fd2ea91e44b17ceff2ffabc4571eb377ed892876ac51da5d,
FMWK-107,Package Management Standard,framework,package-mgmt,Metadata/provenance rules for packages,/frameworks/FMWK-107_package_management_standard.md,active,yes,P0,FMWK-100,1.0.0,system,2026-01-30,,9cbec9540f3f031db58848c92b88eb4fbf36754d08b0a11c5b434b37be23fc60,
FMWK-200,Ledger Protocol Standard,framework,governance,Ledger protocol with hash chaining,/frameworks/FMWK-200_ledger_protocol.md,active,yes,P0,FMWK-100,1.0.0,system,2026-01-30,,8d8fbb43b0eba9e4e3037a03f9c5ec94592169278bb4068c036e1d6c81583c47,
LIB-AUTH,Auth Provider,lib,security,Pluggable auth providers,/lib/auth.py,active,yes,P0,,1.0.0,system,2026-01-30,,429f65036afcd55883518001c9dfb6c179984abce3fbfb03ea95ec7f0a0c17cb,
LIB-AUTHZ,AuthZ,lib,security,Role-based authorization helper,/lib/authz.py,active,yes,P0,,1.0.0,system,2026-01-30,,2a872f4a63202d0ae2c4ccc4a2da85b82a7f2dec3d91f534a039195be9db195b,
DOC-DEV-GUIDE,Developer Guide,doc,governance,How to build/install packages with auth and integrity,/docs/developer_guide.md,active,yes,P1,,1.0.0,system,2026-01-30,,bf2dba44088f368260171b73f9e89c59bae1beb5bf98cc3de1106890f38b3bb2,
SCRIPT-CP-CKPT,Checkpoint Script,script,governance,Create control plane checkpoints,/scripts/cp_version_checkpoint.py,active,yes,P1,"LIB-PATHS,LIB-INTEGRITY,LIB-LEDGER,LIB-AUTH,LIB-AUTHZ",1.0.0,system,2026-01-30,,088d09525633e7b3931beffaf37224e988d407c9d5d521539cbeb33bdce8f773,
SCRIPT-CP-ROLL,Rollback Script,script,governance,Rollback to checkpoint versions,/scripts/cp_version_rollback.py,active,yes,P1,"LIB-PATHS,LIB-INTEGRITY,LIB-LEDGER,LIB-AUTH,LIB-AUTHZ,LIB-PACKAGES",1.0.0,system,2026-01-30,,9c3870043c85763323d68d0d3c7659fffe6fbe7a6c9b6b6cdf5f6545c476fa1b,
